variable,count,mean,std,min,25%,50%,75%,max,original
dummy1,1000.0,0.0006681437047695321,0.010876683061152274,-0.0331263926553262,-0.00673921335704155,0.0006886009700952,0.00846544708218735,0.0294587789762275,0.025354413305024
dummy2,1000.0,-0.00018505322761118968,0.00942527445527142,-0.0272228675108294,-0.006917353350367175,0.00013745988828075,0.006256577069892075,0.0319570366324057,0.0005546272137024
x1,1000.0,0.2742018981278925,3.0663072366941933,-9.06929443515179,-1.5919253695754212,0.33324705378679986,2.130951946229568,28.20807999301108,28.20807999301108
x2,1000.0,-0.03594709284045982,7.905798969079344,-24.34006718302089,-5.207003176629081,0.0987117926101408,4.982113760801804,75.05527304937402,75.05527304937402
x3,1000.0,0.0944605690663673,1.7396297051898664,-6.664142467699229,-1.0683856046161049,0.1196397014222263,1.1981976034524837,17.760628387681226,17.760628387681226
